{
  "id": "",
  "name": "",
  "font_family": "iconfont",
  "css_prefix_text": "icon-",
  "description": "",
  "glyphs": [
    {
      "icon_id": "33986997",
      "name": "喜欢",
      "font_class": "xihuan",
      "unicode": "e61d",
      "unicode_decimal": 58909
    },
    {
      "icon_id": "33987002",
      "name": "返回",
      "font_class": "fanhui",
      "unicode": "e61e",
      "unicode_decimal": 58910
    },
    {
      "icon_id": "33987169",
      "name": "进入",
      "font_class": "jinru",
      "unicode": "e621",
      "unicode_decimal": 58913
    },
    {
      "icon_id": "34591980",
      "name": "check_circle",
      "font_class": "check_circle",
      "unicode": "e658",
      "unicode_decimal": 58968
    },
    {
      "icon_id": "34591989",
      "name": "cloud_download",
      "font_class": "cloud_download",
      "unicode": "e659",
      "unicode_decimal": 58969
    },
    {
      "icon_id": "34591998",
      "name": "download",
      "font_class": "download",
      "unicode": "e65a",
      "unicode_decimal": 58970
    },
    {
      "icon_id": "34592000",
      "name": "down_square",
      "font_class": "down_square",
      "unicode": "e65b",
      "unicode_decimal": 58971
    },
    {
      "icon_id": "34592001",
      "name": "left_circle",
      "font_class": "left_circle",
      "unicode": "e65c",
      "unicode_decimal": 58972
    },
    {
      "icon_id": "34592012",
      "name": "left_square",
      "font_class": "left_square",
      "unicode": "e65d",
      "unicode_decimal": 58973
    },
    {
      "icon_id": "34592017",
      "name": "right_square",
      "font_class": "right_square",
      "unicode": "e65e",
      "unicode_decimal": 58974
    },
    {
      "icon_id": "34592022",
      "name": "search",
      "font_class": "search",
      "unicode": "e65f",
      "unicode_decimal": 58975
    },
    {
      "icon_id": "34592026",
      "name": "warning",
      "font_class": "warning",
      "unicode": "e660",
      "unicode_decimal": 58976
    },
    {
      "icon_id": "34592034",
      "name": "up_square",
      "font_class": "up_square",
      "unicode": "e661",
      "unicode_decimal": 58977
    }
  ]
}
